{"name": "CAPQL", "hypervolume": [27655.33641189016, 49768.33604912828, 49006.06696152647, 51559.970466440616, 71158.62171584423, 65707.94219323745, 54289.466969268244, 67716.89172928875, 47870.726720265695, 56402.69245403855], "cardinality": [11, 40, 32, 37, 28, 40, 28, 32, 45, 41], "spacing": [26.986799754164814, 8.319186009378702, 8.913396162129757, 7.669705596165839, 8.817176996365088, 4.8389847584596035, 21.758387594401466, 9.727195084897012, 6.499397082777215, 8.36674859867325], "sparsity": [], "inverted_generational_distance": [null, null, null, null, null, null, null, null, null, null], "pareto_fronts": [[[41.35539349593143, -29.17676006779711], [69.73212210600529, -30.34459429474373], [74.72129691661243, -30.62240570017566], [117.73894207080329, -30.91606594598743], [187.75205729530475, -31.931601526124542], [198.26513495909953, -32.539497152377045], [218.77121511144588, -33.806919724350884], [235.07389301098024, -33.962017211776036], [247.0563334723974, -35.290191933804635], [248.90433646857005, -35.97679018738099], [304.3603746790439, -36.03977642633272]], [[224.9456102907665, -18.113050868400798], [235.1732655368731, -18.526188355063187], [244.2626312163382, -19.212495235527832], [246.05816058876516, -19.557691553781886], [262.1400908926233, -19.751389734189388], [274.81917013174973, -19.773899822101065], [294.87130561899977, -20.927430349026213], [310.36397141614145, -21.011250093613036], [316.68394363988773, -21.114645413049583], [326.6944393940037, -21.201138640342105], [332.87851275417927, -21.820545945491723], [341.4044129674614, -22.106699165956435], [346.62327031024904, -22.48171788674845], [354.1361083544936, -22.831381177952245], [362.99878679542746, -22.882313929320027], [372.6220452631795, -23.154534237016286], [384.39337981821154, -24.094184411982496], [395.0770632558706, -24.179841796730397], [402.290637466326, -24.40078680839888], [409.53840621507845, -24.87058245200642], [419.432294652969, -25.246967326712003], [435.0885688504495, -26.059883572886793], [440.178340796486, -26.460863399417757], [441.34757341498334, -26.574521519102017], [442.55450045674223, -26.940419729388122], [445.63731932060034, -27.015806285576765], [461.610859886877, -27.626548502881633], [473.02942720577704, -28.44813242266209], [491.4511671515123, -29.2417885312263], [495.31059993353557, -30.552125109422924], [505.35521652268363, -30.817774058716168], [506.12698785974646, -31.211972210280692], [506.3156775486306, -31.465442972360144], [509.7481452431413, -31.55443928203713], [513.3548048691824, -31.746201587602627], [518.1607659742469, -31.909149281135978], [522.8976291621918, -32.559922307517446], [528.3076538479712, -33.13042864527233], [528.8322342949511, -34.49684665524692], [531.8590946883254, -35.64782083661139]], [[241.09685911328853, -16.002397753430024], [250.58730327715458, -16.26497835151165], [251.59737662163826, -16.26826043889141], [252.13597000215813, -16.30358692559655], [270.89989673036615, -16.413096473042298], [282.64775840580694, -16.901807004210195], [287.47778457327803, -17.02821652438015], [300.23951803604143, -17.42237443586371], [318.20756757281777, -17.94733328715581], [335.0146238243557, -19.026303309705497], [358.5364143202023, -20.130759334497498], [358.9318047485984, -20.177195221454166], [364.93534740119355, -20.251359995858742], [373.86943426849905, -21.072975393059505], [381.1453359044972, -21.246821687457203], [388.78879513468416, -21.979768595903828], [393.4278893919574, -22.203841951143204], [405.43059330200776, -22.756912357252624], [414.46706390039765, -23.00860005843174], [417.0509056975716, -23.75960502515545], [428.151613200744, -24.288131437261065], [439.26430283788943, -25.351635145302772], [444.8602669101383, -25.466897358611913], [445.61936805696166, -25.538162974928536], [454.5319891544408, -25.909509323392058], [455.8910798198049, -26.623569262432557], [460.23583460075895, -26.836002719094132], [465.4318132598011, -27.212022801730335], [472.1530437819805, -27.64075205361514], [473.5811443132843, -29.819449708632238], [485.29686141360435, -30.177874378457], [502.0204614940914, -31.39407639864944]], [[297.2387443687767, -19.6711265020112], [318.45612653915015, -19.698687387890573], [346.479448792935, -19.957924215019737], [348.38408839823967, -20.11560850723299], [377.1730326483754, -20.273744338985487], [379.5681100857777, -20.78660998674427], [383.2757531200303, -21.0347483485506], [397.01366478602284, -21.493450192029922], [406.3482173182565, -21.767083874564698], [421.47116620015004, -22.14154725264307], [426.1800459727121, -22.83658791608632], [427.6469717927801, -22.838656563275254], [433.2451662401378, -23.215025739058092], [445.7453501181124, -23.720073080845715], [449.0231404838676, -24.02971690154136], [460.52594833996847, -24.539485740842927], [464.2298089062591, -24.878373071204532], [467.3052171172283, -25.03661119088024], [472.5727570523042, -25.396653206390784], [479.8563908032869, -26.052744098969743], [483.29171924245895, -26.580816241251433], [495.1221176405408, -27.027376232621556], [496.31841309030716, -27.372154307082383], [497.7123607480724, -27.91024425194246], [503.05187292902264, -28.406460128098388], [504.01817985572853, -28.469821449655047], [505.8252514254418, -29.514917087159848], [507.5726351576217, -29.544155412371765], [512.2691927667707, -29.696921929242855], [520.8393689580378, -30.191883136986053], [523.3652138511418, -30.635939036801666], [528.8959894229774, -32.1032170018565], [542.6477940645302, -32.94948485485811], [546.6523320182692, -33.32832511008819], [546.9018348114972, -34.6418341206705], [553.6595255658555, -34.91123327404985], [557.4002185266406, -35.619053806117336]], [[607.5093843576906, -22.251983546560588], [608.5511769050675, -22.38528144660795], [625.7939123753691, -23.292304136366692], [628.3781055748871, -23.591896647472005], [640.8975378661125, -23.741027514373037], [650.245911003364, -24.1851668160949], [681.3411929585214, -24.561622526647263], [697.2617074753041, -25.27509235898542], [698.0115698569804, -25.920527081513136], [706.1275133880205, -26.041601132502365], [709.1481681037112, -26.51509864513355], [709.408572713763, -26.799664519722683], [717.251230153907, -27.112040784141026], [722.4909447379177, -27.334117620174403], [732.9967604686157, -27.424133135261762], [741.9785393956001, -28.11760353117952], [747.5662728619063, -28.7460845328962], [752.0759997822112, -29.1303772809968], [752.356176622014, -29.85887386838167], [773.6102370407956, -30.089503625448742], [783.8559650679642, -30.80545181706693], [788.6135841871612, -30.86025338840536], [796.2364103785367, -31.92949680847687], [803.6975610260328, -33.24937581929616], [805.0649102135794, -33.407163486027095], [809.3632102299598, -34.03323199142851], [823.2889782843879, -34.285544457208196], [831.5463925143122, -36.278754291796396]], [[589.7367466774624, -23.24858288575185], [597.9687786469178, -23.577473121425875], [604.3014425386267, -23.84093067710637], [613.0368203566235, -23.979586996115177], [615.6089285520429, -24.471152037674983], [617.6859226911329, -24.783013813652314], [626.8706015383359, -25.04737424403379], [628.7719464443041, -25.17077417879309], [629.7043478149164, -25.386497198239248], [635.9385918484826, -25.51388689102314], [637.7724978406507, -25.636584147866323], [638.6357567508355, -25.70399479519956], [640.4381467261585, -25.912877162336873], [647.8022613833484, -26.309729876487744], [657.8881102023588, -26.527346496432347], [661.8694238348573, -26.78618609652949], [666.2417633641162, -26.968728092156653], [667.3814666435297, -27.12033193883376], [681.5006174094451, -27.386407592867545], [683.3755245554436, -27.4624846591877], [685.2824068976391, -27.547647824513707], [685.6545400384173, -27.686035006267776], [692.5604439980758, -28.242415775920836], [696.5584152782045, -28.72416342235683], [714.4940499278775, -29.094105505529843], [715.6406094858364, -29.381778074577415], [720.312081826356, -29.75152013695788], [726.4718273403123, -30.06790706939737], 