{"name": "GPI LS", "hypervolume": [65441.76816423201, 66350.78090090223, 67426.09535662741, 67223.06627124739, 64311.53764207573, 45859.35067699112, 64114.20236778703, 65516.930640600214, 59649.77980253222, 68130.90582877108], "cardinality": [5, 8, 1, 6, 9, 10, 3, 9, 1, 1], "spacing": [22.012253166528446, 117.72336218763608, 0.0, 2.4766753858328827, 14.3632964148161, 42.95325994496787, 7.603463433219428, 9.533440355449262, 0.0, 0.0], "sparsity": [], "inverted_generational_distance": [null, null, null, null, null, null, null, null, null, null], "pareto_fronts": [[[905.2809118093107, -40.006845669575526], [949.2865739455913, -40.866747752902846], [986.1449669324327, -40.95820404655478], [988.216465463501, -41.08823986407988], [992.1505122755887, -41.186257869411385]], [[89.30035840496544, -27.944410350029376], [639.2238412815844, -34.85853077270813], [798.2014548007749, -35.87054385434603], [830.5449383182975, -36.16592572362733], [850.2161752311164, -36.39486380925732], [871.7368945175316, -36.84224630748277], [874.9111262328108, -37.239490750030654], [903.9433612955967, -37.364942772850824]], [[977.6382596741896, -37.43160587392949]], [[953.4856883036322, -36.86488670251747], [956.4803960647201, -36.906314925046445], [962.425951500493, -37.19180155241711], [962.7919145125313, -37.48020902966291], [963.7107622079202, -37.56736065779787], [964.8142553815269, -37.91969655378716]], [[764.805850317952, -33.906034828131894], [817.0351424853259, -34.90210993802532], [834.8705181328347, -36.45514308772631], [849.7215200403822, -36.8116737325433], [868.1728125230991, -36.84385638962044], [871.8888806894305, -36.92477118618162], [872.6015177116147, -37.01161088530462], [874.6528053199872, -37.092757054105576], [876.3688650135766, -37.24939145103608]], [[198.20814455774598, -31.14871910392376], [307.2470618709755, -33.7589717401861], [570.7777336671949, -33.83440960711759], [573.1158758939594, -33.946925138199276], [573.9578369738243, -34.39456461307918], [575.3855507878063, -34.52456512697627], [576.1707205523911, -34.553005097669576], [578.6269727214006, -34.61209012323197], [579.2387684385991, -34.69464016507136], [580.9719212141412, -34.96428195223943]], [[971.1862784702098, -40.969567298078076], [977.5427916884888, -41.052224869171916], [986.1635981051717, -41.19917452955506]], [[896.523636147275, -38.76611192804794], [927.2487802776392, -39.24340470294574], [939.9762662121909, -39.787907361213726], [948.5976569953957, -39.7883852768271], [949.564120624226, -39.81138243179794], [953.7206055561662, -39.83185258484082], [958.5167479635566, -39.908091936916755], [967.7523285634234, -40.02395317819937], [971.004318540229, -40.55295237868813]], [[903.1646442209254, -40.53839502202827]], [[977.1756563286996, -36.75042187550052]]]}