{"name": "MONEAT", "hypervolume": [20355.0, 20355.0, 20355.0, 20355.0, 20355.0, 20355.0, 20355.0, 20355.0, 20355.0, 20355.0, 20355.0, 20355.0, 20355.0, 20355.0, 20355.0, 20355.0, 20355.0, 20355.0, 20355.0, 20355.0, 20355.0, 20355.0, 20355.0, 20355.0, 20355.0, 20355.0, 20355.0, 20355.0, 20355.0, 20355.0, 20355.0, 20355.0, 20355.0, 20355.0, 20355.0, 20355.0, 20355.0, 20355.0, 20355.0, 20355.0, 20355.0, 20355.0, 20355.0, 20355.0, 20355.0, 20355.0, 20355.0, 20355.0, 20355.0, 20355.0, 20355.0], "cardinality": [10, 10, 10, 10, 10, 10, 10, 10, 10, 10, 10, 10, 10, 10, 10, 10, 10, 10, 10, 10, 10, 10, 10, 10, 10, 10, 10, 10, 10, 10, 10, 10, 10, 10, 10, 10, 10, 10, 10, 10, 10, 10, 10, 10, 10, 10, 10, 10, 10, 10, 10], "spacing": [15.666666666666666, 15.666666666666666, 15.666666666666666, 15.666666666666666, 15.666666666666666, 15.666666666666666, 15.666666666666666, 15.666666666666666, 15.666666666666666, 15.666666666666666, 15.666666666666666, 15.666666666666666, 15.666666666666666, 15.666666666666666, 15.666666666666666, 15.666666666666666, 15.666666666666666, 15.666666666666666, 15.666666666666666, 15.666666666666666, 15.666666666666666, 15.666666666666666, 15.666666666666666, 15.666666666666666, 15.666666666666666, 15.666666666666666, 15.666666666666666, 15.666666666666666, 15.666666666666666, 15.666666666666666, 15.666666666666666, 15.666666666666666, 15.666666666666666, 15.666666666666666, 15.666666666666666, 15.666666666666666, 15.666666666666666, 15.666666666666666, 15.666666666666666, 15.666666666666666, 15.666666666666666, 15.666666666666666, 15.666666666666666, 15.666666666666666, 15.666666666666666, 15.666666666666666, 15.666666666666666, 15.666666666666666, 15.666666666666666, 15.666666666666666, 15.666666666666666], "sparsity": [15.402597183592125, 15.402597183592125, 15.402597183592125, 15.402597183592125, 15.402597183592125, 15.402597183592125, 15.402597183592125, 15.402597183592125, 15.402597183592125, 15.402597183592125, 15.402597183592125, 15.402597183592125, 15.402597183592125, 15.402597183592125, 15.402597183592125, 15.402597183592125, 15.402597183592125, 15.402597183592125, 15.402597183592125, 15.402597183592125, 15.402597183592125, 15.402597183592125, 15.402597183592125, 15.402597183592125, 15.402597183592125, 15.402597183592125, 15.402597183592125, 15.402597183592125, 15.402597183592125, 15.402597183592125, 15.402597183592125, 15.402597183592125, 15.402597183592125, 15.402597183592125, 15.402597183592125, 15.402597183592125, 15.402597183592125, 15.402597183592125, 15.402597183592125, 15.402597183592125, 15.402597183592125, 15.402597183592125, 15.402597183592125, 15.402597183592125, 15.402597183592125, 15.402597183592125, 15.402597183592125, 15.402597183592125, 15.402597183592125, 15.402597183592125, 15.402597183592125], "inverted_generational_distance": [0.0, 0.0, 0.0, 0.0, 0.0, 0.0, 0.0, 0.0, 0.0, 0.0, 0.0, 0.0, 0.0, 0.0, 0.0, 0.0, 0.0, 0.0, 0.0, 0.0, 0.0, 0.0, 0.0, 0.0, 0.0, 0.0, 0.0, 0.0, 0.0, 0.0, 0.0, 0.0, 0.0, 0.0, 0.0, 0.0, 0.0, 0.0, 0.0, 0.0, 0.0, 0.0, 0.0, 0.0, 0.0, 0.0, 0.0, 0.0, 0.0, 0.0, 0.0], "pareto_fronts": [[[1.0, -1.0], [2.0, -3.0], [3.0, -5.0], [5.0, -7.0], [8.0, -8.0], [16.0, -9.0], [24.0, -13.0], [50.0, -14.0], [74.0, -17.0], [124.0, -19.0]], [[1.0, -1.0], [2.0, -3.0], [3.0, -5.0], [5.0, -7.0], [8.0, -8.0], [16.0, -9.0], [24.0, -13.0], [50.0, -14.0], [74.0, -17.0], [124.0, -19.0]], [[1.0, -1.0], [2.0, -3.0], [3.0, -5.0], [5.0, -7.0], [8.0, -8.0], [16.0, -9.0], [24.0, -13.0], [50.0, -14.0], [74.0, -17.0], [124.0, -19.0]], [[1.0, -1.0], [2.0, -3.0], [3.0, -5.0], [5.0, -7.0], [8.0, -8.0], [16.0, -9.0], [24.0, -13.0], [50.0, -14.0], [74.0, -17.0], [124.0, -19.0]], [[1.0, -1.0], [2.0, -3.0], [3.0, -5.0], [5.0, -7.0], [8.0, -8.0], [16.0, -9.0], [24.0, -13.0], [50.0, -14.0], [74.0, -17.0], [124.0, -19.0]], [[1.0, -1.0], [2.0, -3.0], [3.0, -5.0], [5.0, -7.0], [8.0, -8.0], [16.0, -9.0], [24.0, -13.0], [50.0, -14.0], [74.0, -17.0], [124.0, -19.0]], [[1.0, -1.0], [2.0, -3.0], [3.0, -5.0], [5.0, -7.0], [8.0, -8.0], [16.0, -9.0], [24.0, -13.0], [50.0, -14.0], [74.0, -17.0], [124.0, -19.0]], [[1.0, -1.0], [2.0, -3.0], [3.0, -5.0], [5.0, -7.0], [8.0, -8.0], [16.0, -9.0], [24.0, -13.0], [50.0, -14.0], [74.0, -17.0], [124.0, -19.0]], [[1.0, -1.0], [2.0, -3.0], [3.0, -5.0], [5.0, -7.0], [8.0, -8.0], [16.0, -9.0], [24.0, -13.0], [50.0, -14.0], [74.0, -17.0], [124.0, -19.0]], [[1.0, -1.0], [2.0, -3.0], [3.0, -5.0], [5.0, -7.0], [8.0, -8.0], [16.0, -9.0], [24.0, -13.0], [50.0, -14.0], [74.0, -17.0], [124.0, -19.0]], [[1.0, -1.0], [2.0, -3.0], [3.0, -5.0], [5.0, -7.0], [8.0, -8.0], [16.0, -9.0], [24.0, -13.0], [50.0, -14.0], [74.0, -17.0], [124.0, -19.0]], [[1.0, -1.0], [2.0, -3.0], [3.0, -5.0], [5.0, -7.0], [8.0, -8.0], [16.0, -9.0], [24.0, -13.0], [50.0, -14.0], [74.0, -17.0], [124.0, -19.0]], [[1.0, -1.0], [2.0, -3.0], [3.0, -5.0], [5.0, -7.0], [8.0, -8.0], [16.0, -9.0], [24.0, -13.0], [50.0, -14.0], [74.0, -17.0], [124.0, -19.0]], [[1.0, -1.0], [2.0, -3.0], [3.0, -5.0], [5.0, -7.0], [8.0, -8.0], [16.0, -9.0], [24.0, -13.0], [50.0, -14.0], [74.0, -17.0], [124.0, -19.0]], [[1.0, -1.0], [2.0, -3.0], [3.0, -5.0], [5.0, -7.0], [8.0, -8.0], [16.0, -9.0], [24.0, -13.0], [50.0, -14.0], [74.0, -17.0], [124.0, -19.0]], [[1.0, -1.0], [2.0, -3.0], [3.0, -5.0], [5.0, -7.0], [8.0, -8.0], [16.0, -9.0], [24.0, -13.0], [50.0, -14.0], [74.0, -17.0], [124.0, -19.0]], [[1.0, -1.0], [2.0, -3.0], [3.0, -5.0], [5.0, -7.0], [8.0, -8.0], [16.0, -9.0], [24.0, -13.0], [50.0, -14.0], [74.0, -17.0], [124.0, -19.0]], [[1.0, -1.0], [2.0, -3.0], [3.0, -5.0], [5.0, -7.0], [8.0, -8.0], [16.0, -9.0], [24.0, -13.0], [50.0, -14.0], [74.0, -17.0], [124.0, -19.0]], [[1.0, -1.0], [2.0, -3.0], [3.0, -5.0], [5.0, -7.0], [8.0, -8.0], [16.0, -9.0], [24.0, -13.0], [50.0, -14.0], [74.0, -17.0], [124.0, -19.0]], [[1.0, -1.0], [2.0, -3.0], [3.0, -5.0], [5.0, -7.0], [8.0, -8.0], [16.0, -9.0], [24.0, -13.0], [50.0, -14.0], [74.0, -17.0], [124.0, -19.0]], [[1.0, -1.0], [2.0, -3.0], [3.0, -5.0], [5.0, -7.0], [8.0, -8.0], [16.0, -9.0], [24.0, -13.0], [50.0, -14.0], [74.0, -17.0], [124.0, -19.0]], [[1.0, -1.0], [2.0, -3.0], [3.0, -5.0], [5.0, -7.0], [8.0, -8.0], [16.0, -9.0], [24.0, -13.0], [50.0, -14.0], [74.0, -17.0], [124.0, -19.0]], [[1.0, -1.0], [2.0, -3.0], [3.0, -5.0], [5.0, -7.0], [8.0, -8.0], [16.0, -9.0], [24.0, -13.0], [50.0, -14.0], [74.0, -17.0], [124.0, -19.0]], [[1.0, -1.0], [2.0, -3.0], [3.0, -5.0], [5.0, -7.0], [8.0, -8.0], [16.0, -9.0], [24.0, -13.0], [50.0, -14.0], [74.0, -17.0], [124.0, -19.0]], [[1.0, -1.0], [2.0, -3.0], [3.0, -5.0], [5.0, -7.0], [8.0, -8.0], [16.0, -9.0], [24.0, -13.0], [50.0, -14.0], [74.0, -17.0], [124.0, -19.0]], [[1.0, -1.0], [2.0, -3.0], [3.0, -5.0], [5.0, -7.0], [8.0, -8.0], [16.0, -9.0], [24.0, -13.0], [50.0, -14.0], [74.0, -17.0], [124.0, -19.0]], [[1.0, -1.0], [2.0, -3.0], [3.0, -5.0], [5.0, -7.0], [8.0, -8.0], [16.0, -9.0], [24.0, -13.0], [50.0, -14.0], [74.0, -17.0], [124.0, -19.0]], [[1.0, -1.0], [2.0, -3.0], [3.0, -5.0], [5.0, -7.0], [8.0, -8.0], [16.0, -9.0], [24.0, -13.0], [50.0, -14.0], [74.0, -17.0], [124.0, -19.0]], [[1.0, -1.0], [2.0, -3.0], [3.0, -5.0], [5.0, -7.0], [8.0, -8.0], [16.0, -9.0], [24.0, -13.0], [50.0, -14.0], [74.0, -17.0], [124.0, -19.0]], [[1.0, -1.0], [2.0, -3.0], [3.0, -5.0], [5.0, -7.0], [8.0, -8.0], [16.0, -9.0], [24.0, -13.0], [50.0, -14.0], [74.0, -17.0], [124.0, -19.0]], [[1.0, -1.0], [2.0, -3.0], [3.0, -5.0], [5.0, -7.0], [8.0, -8.0], [16.0, -9.0], [24.0, -13.0], [50.0, -14.0], [74.0, -17.0], [124.0, -19.0]], [[1.0, -1.0], [2.0, -3.0], [3.0, -5.0], [5.0, -7.0], [8.0, -8.0], [16.0, -9.0], [24.0, -13.0], [50.0, -14.0], [74.0, -17.0], [124.0, -19.0]], [[1.0, -1.0], [2.0, -3.0], [3.0, -5.0], [5.0, -7.0], [8.0, -8.0], [16.0, -9.0], [24.0, -13.0], [50.0, -14.0], [74.0, -17.0], [124.0, -19.0]], [[1.0, -1.0], [2.0, -3.0], [3.0, -5.0], [5.0, -7.0], [8.0, -8.0], [16.0, -9.0], [24.0, -13.0], [50.0, -14.0], [74.0, -17.0], [124.0, -19.0]], [[1.0, -1.0], [2.0, -3.0], [3.0, -5.0], [5.0, -7.0], [8.0, -8.0], [16.0, -9.0], 