{"name": "PGMORL", "hypervolume": [21221.746998643026, 20294.583677046387, 18822.51117934087, 16938.213107656284, 19700.264883579603, 16447.830847540004, 20790.474647186664, 22343.019023373898, 23214.481998052583, 25451.345437609645], "cardinality": [25, 20, 16, 20, 24, 16, 13, 20, 27, 26], "spacing": [4.922537374620636, 5.637082354802835, 6.1934224426746365, 5.91239136575084, 4.446553015838498, 4.594656696915626, 9.71599950020512, 6.909721198834871, 5.356889396332777, 6.733214485645294], "sparsity": [], "inverted_generational_distance": [null, null, null, null, null, null, null, null, null, null], "pareto_fronts": [[[-0.1430165320634842, -0.2217087745666504], [0.3497431874275207, -0.3495908379554748], [0.6105722188949585, -0.3967852890491485], [0.7528560757637024, -0.4067378044128418], [1.4374730587005615, -0.411188542842865], [2.9692511558532715, -0.5835021734237671], [14.995885848999023, -0.7297036051750183], [15.251248359680176, -0.9405854940414428], [17.47220230102539, -0.9407598376274108], [18.985292434692383, -1.02301824092865], [25.456363677978516, -1.0656280517578125], [28.757766723632812, -1.123470664024353], [36.32758712768555, -1.19011390209198], [45.70155715942383, -1.359357833862305], [61.41596603393555, -1.649713158607483], [63.51310348510742, -1.824170470237732], [69.62345123291016, -2.107020854949951], [79.12689208984375, -2.119781017303467], [84.26371002197266, -2.1414008140563965], [89.05269622802734, -2.599985122680664], [89.29962921142578, -2.612675189971924], [95.83832550048828, -2.6322226524353027], [98.98390197753906, -2.918696165084839], [101.41421508789062, -2.950690746307373], [114.5868682861328, -3.632720947265625]], [[-0.3769775927066803, -0.1943522244691848], [0.1862412393093109, -0.2039416283369064], [0.2027700394392013, -0.2334235906600952], [0.4867635369300842, -0.2611619830131531], [0.5443323850631714, -0.2802508473396301], [1.7786407470703125, -0.4193645417690277], [4.947083473205566, -0.534726619720459], [17.40400505065918, -0.8523505926132202], [31.17388916015625, -1.1685893535614014], [44.41999435424805, -1.2495099306106567], [49.40763473510742, -1.4398400783538818], [52.69997024536133, -1.5088117122650146], [57.3525276184082, -1.5340054035186768], [70.62753295898438, -1.5591974258422852], [84.18380737304688, -1.6456286907196045], [87.40985870361328, -1.8841928243637085], [89.3624038696289, -1.9697414636611936], [92.70829010009766, -2.1406688690185547], [93.5192413330078, -2.1458072662353516], [104.65950775146484, -2.2624316215515137]], [[-0.51324862241745, -0.2099508941173553], [1.2789665460586548, -0.2483457624912262], [2.3033456802368164, -0.4062283039093017], [7.41426944732666, -0.7197997570037842], [10.938898086547852, -0.758006751537323], [26.293407440185547, -0.944799780845642], [37.16996765136719, -1.032052993774414], [42.25239944458008, -1.2007970809936523], [43.111793518066406, -1.2931463718414309], [46.80680084228515, -1.5704412460327148], [51.49285125732422, -1.8271329402923584], [53.66960906982422, -2.104379177093506], [60.12831497192383, -2.136541843414306], [71.22684478759766, -2.2138092517852783], [74.57011413574219, -2.3869566917419434], [89.90188598632812, -2.696152925491333]], [[-0.09518913179636, -0.110625222325325], [0.1048826724290847, -0.2282498776912689], [0.1179616898298263, -0.4094360470771789], [1.1181952953338623, -0.4258114397525787], [9.098226547241213, -0.596095621585846], [9.101055145263672, -0.7402437925338745], [11.393366813659668, -0.8008753061294556], [12.942834854125977, -0.8489897847175598], [13.559025764465332, -0.9104019403457642], [18.593191146850582, -0.95667964220047], [19.955760955810547, -0.965894103050232], [28.472415924072266, -1.0437167882919312], [29.085031509399418, -1.0709755420684814], [35.57050704956055, -1.399981141090393], [38.34900665283203, -1.5701290369033811], [47.35176467895508, -18.693857192993164], [54.70684814453125, -18.70029067993164], [58.162559509277344, -22.332324981689453], [67.6556625366211, -24.28586196899414], [80.00304412841797, -32.34782791137695]], [[-0.0998619347810745, -0.1881666183471679], [-0.0525501854717731, -0.1909925192594528], [0.2951223850250244, -0.2090123146772384], [0.6170350313186646, -0.2676298916339874], [1.133189082145691, -0.3629272878170013], [2.9528632164001465, -0.4018317759037018], [3.588186740875244, -0.4957767426967621], [8.574322700500488, -0.6019860506057739], [9.906259536743164, -0.7099217176437378], [13.173957824707031, -0.7104161381721497], [22.7550048828125, -0.9372184872627258], [28.27851295471191, -0.9437648057937622], [34.8593864440918, -1.0392948389053345], [35.597084045410156, -1.236870050430298], [45.33843231201172, -1.3796905279159546], [50.37956619262695, -1.389617681503296], [53.52655792236328, -1.580966234207153], [57.212158203125, -1.663628339767456], [60.78849029541016, -1.713866949081421], [62.0360221862793, -2.073422431945801], [67.6572494506836, -2.2717127799987793], [87.02781677246094, -2.478918075561523], [88.26091766357422, -2.735492467880249], [98.89913177490234, -3.4598922729492188]], [[-0.4349622726440429, -0.1981343179941177], [0.28369802236557, -0.3368048071861267], [4.5153608322143555, -0.707495391368866], [8.909357070922852, -1.0478417873382568], [8.956571578979492, -1.0934175252914429], [11.271883010864258, -1.1163829565048218], [15.729986190795898, -1.2460858821868896], [19.540111541748047, -1.5809582471847534], [20.95804214477539, -1.600654363632202], [24.364429473876953, -1.699737310409546], [24.591154098510746, -2.0298337936401367], [28.291439056396484, -2.077961683273315], [28.665523529052734, -2.22908091545105], [35.118125915527344, -2.386436939239502], [47.65873336791992, -2.4451982975006104], [66.01667785644531, -2.66634464263916]], [[-0.620173454284668, -0.2174180001020431], [-0.5927713513374329, -0.2877766788005829], [-0.0697198659181594, -0.3187656998634338], [0.1869390606880188, -0.3699644804000854], [1.4986695051193235, -0.5087948441505432], [2.3722259998321533, -0.9756292104721068], [10.656248092651367, -1.2390732765197754], [32.95673370361328, -1.4481379985809326], [51.0407829284668, -1.996824860572815], [60.8475456237793, -2.5685150623321533], [75.76484680175781, -2.6787142753601074], [83.10562133789062, -3.9010181427001953], [111.2527313232422, -4.936507225036621]], [[-0.7932660579681396, -0.127007246017456], [0.6861613392829895, -0.207926869392395], [1.8355920314788816, -0.3557613790035248], [3.2244277000427246, -0.4202576577663421], [4.242743492126465, -0.4937449991703033], [5.2499189376831055, -0.689967691898346], [5.86588191986084, -0.6971666216850281], [18.31946182250977, -0.7219544649124146], [28.789514541625977, -1.007670760154724], [36.22450637817383, -1.0900328159332275], [36.48408889770508, -1.3333779573440552], [51.9411506652832, -1.571385622024536], [63.815704345703125, -1.9729773998260496], [86.92964172363281, -2.6621012687683105], [87.0501708984375, -3.1030030250549316], [93.6543426513672, -3.1976406574249268], [107.7598648071289, -3.237539768218994], [110.25537109375, -3.2603886127471924], [113.02498626708984, -3.58503794670105], [126.37648010253906, -4.241963863372803]], [[0.1699918061494827, -0.1096478700637817], [0.1785829365253448, -0.1310604512691497], [0.2015865743160247, -0.2197229117155075], [1.1091922521591189, -0.2666287124156952], [1.144340991973877, -0.3327324390411377], [3.9010748863220215, -0.4264535903930664], [8.038185119628906, -0.6098980903625488], [8.747591018676758, -0.7548555135726929], [11.343530654907228, -0.7557682991027832], [14.130287170410156, -0.8684202432632446], [22.388042449951172, -0.8699615597724915], [24.61849594116211, -0.970173180103302], [30.111114501953125, -1.0284346342086792], [34.36481475830078, -1.1940463781356812], [38.41863632202149, -1.2487688064575195], [46.676658630371094, -1.4021971225738523], [55.90546417236328, -1.447054386138916], [58.73892974853515, -1.66950261592865], [67.1999282836914, -1.6825268268585205], [75.57018280029297, -2.035912036895752], [82.66360473632812, -2.1298677921295166], 