{"name": "PGMORL", "hypervolume": [12753.329763596008, 12226.250523687737, 12571.046358579017, 12707.573870973185, 12453.111942274689, 12669.17896921907, 12707.421818315255, 12478.709615649781, 12459.562159530651, 12593.349492793957, 12574.560860267371], "cardinality": [14, 10, 9, 13, 9, 17, 10, 17, 15, 10, 17], "spacing": [2.2212205712611857, 12.35024282667372, 5.238057605922222, 5.309568372865518, 11.335855275392532, 2.400100354105234, 13.43378163046307, 7.095037594437599, 10.33589002170733, 5.307693954971102, 24.871020397171378], "sparsity": [1.2886957072405019, 22.00403130048521, 1.48807891520009, 2.795920125765471, 16.703160445703496, 1.0026685757951816, 8.291499672381102, 3.639550592562946, 5.855077051422274, 3.1327707910978524, 64.18266483616155], "inverted_generational_distance": [21.104970625074472, 18.849277711367822, 20.290909971949578, 19.558350893269505, 21.58934690992096, 20.13833936641912, 20.66349642831233, 18.961477666129284, 19.80000859150198, 20.1247937542605, 21.217002427664816], "pareto_fronts": [[[7.036962032318115, -0.6286634802818298], [8.99741268157959, -0.7832001447677612], [9.570150375366211, -0.8286206126213074], [9.638283729553223, -0.8303745985031128], [17.18965721130371, -0.9364895820617676], [17.66387939453125, -0.991909384727478], [22.060531616210938, -1.1461856365203857], [22.56390953063965, -2.7601425647735596], [24.331588745117188, -3.566585063934326], [24.4514217376709, -3.7988479137420654], [24.4694766998291, -3.827282428741455], [27.1706600189209, -4.061394691467285], [27.307514190673828, -4.429251670837402], [28.657033920288086, -7.884459018707275]], [[4.320894241333008, -1.7836990356445312], [6.405358791351318, -3.1650476455688477], [7.854656219482422, -5.7618513107299805], [11.221260070800781, -6.106745719909668], [14.853921890258789, -8.465166091918945], [24.198101043701172, -9.260676383972168], [24.348804473876953, -11.748170852661133], [24.849323272705078, -12.729228973388672], [25.55423355102539, -15.22795295715332], [28.171878814697266, -89.08489990234375]], [[7.1643242835998535, -0.6063876748085022], [9.726003646850586, -1.0049095153808594], [12.103394508361816, -4.744561195373535], [20.49527931213379, -8.300381660461426], [23.579744338989258, -8.41300106048584], [25.37151527404785, -16.87548065185547], [27.519176483154297, -16.87603759765625], [27.558597564697266, -21.28946876525879], [28.283071517944336, -21.392101287841797]], [[0.09541893005371094, -0.23561707139015198], [1.5232359170913696, -0.3893265128135681], [2.065139055252075, -0.47445982694625854], [7.0505547523498535, -0.4948965907096863], [10.119401931762695, -1.1805007457733154], [11.263320922851562, -1.4890319108963013], [14.563153266906738, -2.467024326324463], [24.210508346557617, -4.373317241668701], [26.382659912109375, -13.721967697143555], [26.8077335357666, -14.4241304397583], [27.890727996826172, -14.718531608581543], [28.405221939086914, -32.40809631347656], [28.685626983642578, -35.3602294921875]], [[10.408172607421875, -1.666318655014038], [12.00053882598877, -1.83737313747406], [19.581510543823242, -2.931605339050293], [19.890642166137695, -4.462815284729004], [20.4995174407959, -4.5205888748168945], [21.540117263793945, -4.598278999328613], [26.7822265625, -12.432794570922852], [27.3676700592041, -19.995946884155273], [27.817378997802734, -74.94395446777344]], [[2.8815977573394775, -0.32345932722091675], [7.041565895080566, -0.5970689058303833], [9.65613079071045, -0.6978991031646729], [11.628613471984863, -0.7685894966125488], [12.443573951721191, -0.9157883524894714], [13.480603218078613, -1.1335222721099854], [19.25080680847168, -1.1671569347381592], [21.227035522460938, -1.416163682937622], [22.81844711303711, -1.587405800819397], [24.294509887695312, -3.1357314586639404], [24.75494956970215, -3.2394702434539795], [26.0811767578125, -3.4390594959259033], [26.265399932861328, -8.508770942687988], [26.521347045898438, -9.453471183776855], [26.84756088256836, -9.770655632019043], [27.374242782592773, -11.204681396484375], [27.47434425354004, -14.132318496704102]], [[5.936049461364746, -0.4229277968406677], [6.478426933288574, -0.6928704380989075], [14.204805374145508, -0.9842678308486938], [14.908437728881836, -1.2819867134094238], [23.100645065307617, -2.0695769786834717], [26.972728729248047, -2.410468578338623], [27.6234073638916, -15.69726276397705], [28.03029441833496, -40.54991149902344], [28.617549896240234, -82.72953796386719], [29.121768951416016, -98.14124298095703]], [[5.271830081939697, -2.7194607257843018], [7.227769374847412, -2.968503475189209], [7.756136417388916, -3.3425967693328857], [13.1076021194458, -4.599415302276611], [13.202690124511719, -5.298850059509277], [16.6663761138916, -6.06389045715332], [17.677555084228516, -6.202071666717529], [18.021751403808594, -7.074713230133057], [20.07453727722168, -9.304290771484375], [22.290340423583984, -9.917033195495605], [26.133045196533203, -10.977432250976562], [26.169097900390625, -25.815113067626953], [26.831430435180664, -26.507104873657227], [29.71625328063965, -26.651357650756836], [30.532684326171875, -73.7745361328125], [30.565120697021484, -74.5157241821289], [31.752309799194336, -89.75958251953125]], [[-3.385500431060791, -0.17984531819820404], [2.628584384918213, -0.1938524842262268], [3.3332457542419434, -0.2282193899154663], [12.644975662231445, -2.4388816356658936], [15.919047355651855, -2.7777931690216064], [18.086170196533203, -10.520709037780762], [19.6527156829834, -11.201884269714355], [23.816226959228516, -14.32935619354248], [25.40032386779785, -14.519174575805664], [26.0805721282959, -19.24900245666504], [26.155651092529297, -39.65195846557617], [26.50201988220215, -42.065086364746094], [26.778926849365234, -55.18892288208008], [27.055551528930664, -95.99382019042969], [27.473962783813477, -114.02284240722656]], [[-1.7739149332046509, -0.28833022713661194], [8.348272323608398, -0.3293071687221527], [8.726619720458984, -0.4786648154258728], [10.246000289916992, -0.6384822726249695], [10.748800277709961, -2.9398913383483887], [13.212124824523926, -4.321426868438721], [23.69211769104004, -5.093568325042725], [25.94289207458496, -11.532922744750977], [26.84423828125, -13.398045539855957], [27.402307510375977, -18.8813533782959]], [[5.10813045501709, -0.22516217827796936], [5.364045143127441, -0.291867196559906], [8.074352264404297, -0.30011677742004395], [8.516160011291504, -0.3193468451499939], [8.582712173461914, -1.2289787530899048], [20.791889190673828, -3.2950141429901123], [21.187122344970703, -3.7507452964782715], [21.249372482299805, -3.7597999572753906], [21.880964279174805, -4.418550968170166], [23.17905044555664, -4.78444766998291], [25.60239601135254, -20.295106887817383], [26.153179168701172, -21.537195205688477], [26.85845375061035, -25.378108978271484], [27.184581756591797, -29.654727935791016], [27.892215728759766, -72.01309204101562], [28.91890525817871, -99.37962341308594], [29.45998764038086, -373.80963134765625]]]}